edge_gpu,rtt_ms,bw_mbps,k_passages,ttft_p0_ms,ttft_p1_ms,ttft_p2_ms,ttft_p2_sphp_ms,ttft_p3_ms,sphp_speedup_pct,optimal_topology
True,0,0.25,1,2300.3,502.3,2302.6,2274.3,2340.7,1.2,P1
True,0,0.25,5,2493.0,695.1,2496.3,2352.0,2687.1,5.8,P1
True,0,0.25,10,2733.9,936.0,2738.5,2449.1,3120.0,10.6,P1
True,0,0.25,20,3215.7,1417.8,3222.9,2643.2,3985.8,18.0,P1
True,0,1,1,2300.3,500.8,2300.9,2272.6,2310.4,1.2,P1
True,0,1,5,2493.0,693.5,2493.9,2349.5,2541.5,5.8,P1
True,0,1,10,2733.9,934.4,2735.1,2445.6,2830.4,10.6,P1
True,0,1,20,3215.7,1416.2,3217.5,2637.9,3408.2,18.0,P1
True,0,2,1,2300.3,500.6,2300.6,2272.3,2305.4,1.2,P1
True,0,2,5,2493.0,693.3,2493.4,2349.1,2517.3,5.8,P1
True,0,2,10,2733.9,934.2,2734.5,2445.0,2782.2,10.6,P1
True,0,2,20,3215.7,1416.0,3216.6,2637.0,3312.0,18.0,P1
True,0,10,1,2300.3,500.4,2300.4,2272.1,2301.3,1.2,P1
True,0,10,5,2493.0,693.1,2493.1,2348.7,2497.9,5.8,P1
True,0,10,10,2733.9,934.0,2734.0,2444.6,2743.6,10.6,P1
True,0,10,20,3215.7,1415.8,3215.9,2636.2,3235.0,18.0,P1
True,0,50,1,2300.3,500.3,2300.3,2272.0,2300.5,1.2,P1
True,0,50,5,2493.0,693.0,2493.0,2348.7,2494.0,5.8,P1
True,0,50,10,2733.9,933.9,2733.9,2444.5,2735.9,10.6,P1
True,0,50,20,3215.7,1415.7,3215.8,2636.1,3219.6,18.0,P1
True,0,100,1,2300.3,500.3,2300.3,2272.0,2300.4,1.2,P1
True,0,100,5,2493.0,693.0,2493.0,2348.7,2493.5,5.8,P1
True,0,100,10,2733.9,933.9,2733.9,2444.5,2734.9,10.6,P1
True,0,100,20,3215.7,1415.7,3215.7,2636.1,3217.6,18.0,P1
True,0,500,1,2300.3,500.3,2300.3,2272.0,2300.3,1.2,P1
True,0,500,5,2493.0,693.0,2493.0,2348.7,2493.1,5.8,P1
True,0,500,10,2733.9,933.9,2733.9,2444.5,2734.1,10.6,P1
True,0,500,20,3215.7,1415.7,3215.7,2636.1,3216.1,18.0,P1
True,0,1000,1,2300.3,500.3,2300.3,2272.0,2300.3,1.2,P1
True,0,1000,5,2493.0,693.0,2493.0,2348.7,2493.1,5.8,P1
True,0,1000,10,2733.9,933.9,2733.9,2444.5,2734.0,10.6,P1
True,0,1000,20,3215.7,1415.7,3215.7,2636.1,3215.9,18.0,P1
True,10,0.25,1,2300.3,507.3,2307.6,2279.3,2345.7,1.2,P1
True,10,0.25,5,2493.0,700.1,2501.3,2357.0,2692.1,5.8,P1
True,10,0.25,10,2733.9,941.0,2743.5,2454.1,3125.0,10.6,P1
True,10,0.25,20,3215.7,1422.8,3227.9,2648.2,3990.8,18.0,P1
True,10,1,1,2300.3,505.8,2305.9,2277.6,2315.4,1.2,P1
True,10,1,5,2493.0,698.5,2498.9,2354.5,2546.5,5.8,P1
True,10,1,10,2733.9,939.4,2740.1,2450.6,2835.4,10.6,P1
True,10,1,20,3215.7,1421.2,3222.5,2642.9,3413.2,18.0,P1
True,10,2,1,2300.3,505.6,2305.6,2277.3,2310.4,1.2,P1
True,10,2,5,2493.0,698.3,2498.4,2354.1,2522.3,5.8,P1
True,10,2,10,2733.9,939.2,2739.5,2450.0,2787.2,10.6,P1
True,10,2,20,3215.7,1421.0,3221.6,2642.0,3317.0,18.0,P1
True,10,10,1,2300.3,505.4,2305.4,2277.1,2306.3,1.2,P1
True,10,10,5,2493.0,698.1,2498.1,2353.7,2502.9,5.8,P1
True,10,10,10,2733.9,939.0,2739.0,2449.6,2748.6,10.6,P1
True,10,10,20,3215.7,1420.8,3220.9,2641.2,3240.0,18.0,P1
True,10,50,1,2300.3,505.3,2305.3,2277.0,2305.5,1.2,P1
True,10,50,5,2493.0,698.0,2498.0,2353.7,2499.0,5.8,P1
True,10,50,10,2733.9,938.9,2738.9,2449.5,2740.9,10.6,P1
True,10,50,20,3215.7,1420.7,3220.8,2641.1,3224.6,18.0,P1
True,10,100,1,2300.3,505.3,2305.3,2277.0,2305.4,1.2,P1
True,10,100,5,2493.0,698.0,2498.0,2353.7,2498.5,5.8,P1
True,10,100,10,2733.9,938.9,2738.9,2449.5,2739.9,10.6,P1
True,10,100,20,3215.7,1420.7,3220.7,2641.1,3222.6,18.0,P1
True,10,500,1,2300.3,505.3,2305.3,2277.0,2305.3,1.2,P1
True,10,500,5,2493.0,698.0,2498.0,2353.7,2498.1,5.8,P1
True,10,500,10,2733.9,938.9,2738.9,2449.5,2739.1,10.6,P1
True,10,500,20,3215.7,1420.7,3220.7,2641.1,3221.1,18.0,P1
True,10,1000,1,2300.3,505.3,2305.3,2277.0,2305.3,1.2,P1
True,10,1000,5,2493.0,698.0,2498.0,2353.7,2498.1,5.8,P1
True,10,1000,10,2733.9,938.9,2738.9,2449.5,2739.0,10.6,P1
True,10,1000,20,3215.7,1420.7,3220.7,2641.1,3220.9,18.0,P1
True,25,0.25,1,2300.3,514.8,2315.1,2286.8,2353.2,1.2,P1
True,25,0.25,5,2493.0,707.6,2508.8,2364.5,2699.6,5.8,P1
True,25,0.25,10,2733.9,948.5,2751.0,2461.6,3132.5,10.5,P1
True,25,0.25,20,3215.7,1430.3,3235.4,2655.7,3998.3,17.9,P1
True,25,1,1,2300.3,513.3,2313.4,2285.1,2322.9,1.2,P1
True,25,1,5,2493.0,706.0,2506.4,2362.0,2554.0,5.8,P1
True,25,1,10,2733.9,946.9,2747.6,2458.1,2842.9,10.5,P1
True,25,1,20,3215.7,1428.7,3230.0,2650.4,3420.7,17.9,P1
True,25,2,1,2300.3,513.1,2313.1,2284.8,2317.9,1.2,P1
True,25,2,5,2493.0,705.8,2505.9,2361.6,2529.8,5.8,P1
True,25,2,10,2733.9,946.7,2747.0,2457.5,2794.7,10.5,P1
True,25,2,20,3215.7,1428.5,3229.1,2649.5,3324.5,18.0,P1
True,25,10,1,2300.3,512.9,2312.9,2284.6,2313.8,1.2,P1
True,25,10,5,2493.0,705.6,2505.6,2361.2,2510.4,5.8,P1
True,25,10,10,2733.9,946.5,2746.5,2457.1,2756.1,10.5,P1
True,25,10,20,3215.7,1428.3,3228.4,2648.7,3247.5,18.0,P1
True,25,50,1,2300.3,512.8,2312.8,2284.5,2313.0,1.2,P1
True,25,50,5,2493.0,705.5,2505.5,2361.2,2506.5,5.8,P1
True,25,50,10,2733.9,946.4,2746.4,2457.0,2748.4,10.5,P1
True,25,50,20,3215.7,1428.2,3228.3,2648.6,3232.1,18.0,P1
True,25,100,1,2300.3,512.8,2312.8,2284.5,2312.9,1.2,P1
True,25,100,5,2493.0,705.5,2505.5,2361.2,2506.0,5.8,P1
True,25,100,10,2733.9,946.4,2746.4,2457.0,2747.4,10.5,P1
True,25,100,20,3215.7,1428.2,3228.2,2648.6,3230.1,18.0,P1
True,25,500,1,2300.3,512.8,2312.8,2284.5,2312.8,1.2,P1
True,25,500,5,2493.0,705.5,2505.5,2361.2,2505.6,5.8,P1
True,25,500,10,2733.9,946.4,2746.4,2457.0,2746.6,10.5,P1
True,25,500,20,3215.7,1428.2,3228.2,2648.6,3228.6,18.0,P1
True,25,1000,1,2300.3,512.8,2312.8,2284.5,2312.8,1.2,P1
True,25,1000,5,2493.0,705.5,2505.5,2361.2,2505.6,5.8,P1
True,25,1000,10,2733.9,946.4,2746.4,2457.0,2746.5,10.5,P1
True,25,1000,20,3215.7,1428.2,3228.2,2648.6,3228.4,18.0,P1
True,50,0.25,1,2300.3,527.3,2327.6,2299.3,2365.7,1.2,P1
True,50,0.25,5,2493.0,720.1,2521.3,2377.0,2712.1,5.7,P1
True,50,0.25,10,2733.9,961.0,2763.5,2474.1,3145.0,10.5,P1
True,50,0.25,20,3215.7,1442.8,3247.9,2668.2,4010.8,17.8,P1
True,50,1,1,2300.3,525.8,2325.9,2297.6,2335.4,1.2,P1
True,50,1,5,2493.0,718.5,2518.9,2374.5,2566.5,5.7,P1
True,50,1,10,2733.9,959.4,2760.1,2470.6,2855.4,10.5,P1
True,50,1,20,3215.7,1441.2,3242.5,2662.9,3433.2,17.9,P1
True,50,2,1,2300.3,525.6,2325.6,2297.3,2330.4,1.2,P1
True,50,2,5,2493.0,718.3,2518.4,2374.1,2542.3,5.7,P1
True,50,2,10,2733.9,959.2,2759.5,2470.0,2807.2,10.5,P1
True,50,2,20,3215.7,1441.0,3241.6,2662.0,3337.0,17.9,P1
True,50,10,1,2300.3,525.4,2325.4,2297.1,2326.3,1.2,P1
True,50,10,5,2493.0,718.1,2518.1,2373.7,2522.9,5.7,P1
True,50,10,10,2733.9,959.0,2759.0,2469.6,2768.6,10.5,P1
True,50,10,20,3215.7,1440.8,3240.9,2661.2,3260.0,17.9,P1
True,50,50,1,2300.3,525.3,2325.3,2297.0,2325.5,1.2,P1
True,50,50,5,2493.0,718.0,2518.0,2373.7,2519.0,5.7,P1
True,50,50,10,2733.9,958.9,2758.9,2469.5,2760.9,10.5,P1
True,50,50,20,3215.7,1440.7,3240.8,2661.1,3244.6,17.9,P1
True,50,100,1,2300.3,525.3,2325.3,2297.0,2325.4,1.2,P1
True,50,100,5,2493.0,718.0,2518.0,2373.7,2518.5,5.7,P1
True,50,100,10,2733.9,958.9,2758.9,2469.5,2759.9,10.5,P1
True,50,100,20,3215.7,1440.7,3240.7,2661.1,3242.6,17.9,P1
True,50,500,1,2300.3,525.3,2325.3,2297.0,2325.3,1.2,P1
True,50,500,5,2493.0,718.0,2518.0,2373.7,2518.1,5.7,P1
True,50,500,10,2733.9,958.9,2758.9,2469.5,2759.1,10.5,P1
True,50,500,20,3215.7,1440.7,3240.7,2661.1,3241.1,17.9,P1
True,50,1000,1,2300.3,525.3,2325.3,2297.0,2325.3,1.2,P1
True,50,1000,5,2493.0,718.0,2518.0,2373.7,2518.1,5.7,P1
True,50,1000,10,2733.9,958.9,2758.9,2469.5,2759.0,10.5,P1
True,50,1000,20,3215.7,1440.7,3240.7,2661.1,3240.9,17.9,P1
True,100,0.25,1,2300.3,552.3,2352.6,2324.3,2390.7,1.2,P1
True,100,0.25,5,2493.0,745.1,2546.3,2402.0,2737.1,5.7,P1
True,100,0.25,10,2733.9,986.0,2788.5,2499.1,3170.0,10.4,P1
True,100,0.25,20,3215.7,1467.8,3272.9,2693.2,4035.8,17.7,P1
True,100,1,1,2300.3,550.8,2350.9,2322.6,2360.4,1.2,P1
True,100,1,5,2493.0,743.5,2543.9,2399.5,2591.5,5.7,P1
True,100,1,10,2733.9,984.4,2785.1,2495.6,2880.4,10.4,P1
True,100,1,20,3215.7,1466.2,3267.5,2687.9,3458.2,17.7,P1
True,100,2,1,2300.3,550.6,2350.6,2322.3,2355.4,1.2,P1
True,100,2,5,2493.0,743.3,2543.4,2399.1,2567.3,5.7,P1
True,100,2,10,2733.9,984.2,2784.5,2495.0,2832.2,10.4,P1
True,100,2,20,3215.7,1466.0,3266.6,2687.0,3362.0,17.7,P1
True,100,10,1,2300.3,550.4,2350.4,2322.1,2351.3,1.2,P1
True,100,10,5,2493.0,743.1,2543.1,2398.7,2547.9,5.7,P1
True,100,10,10,2733.9,984.0,2784.0,2494.6,2793.6,10.4,P1
True,100,10,20,3215.7,1465.8,3265.9,2686.2,3285.0,17.7,P1
True,100,50,1,2300.3,550.3,2350.3,2322.0,2350.5,1.2,P1
True,100,50,5,2493.0,743.0,2543.0,2398.7,2544.0,5.7,P1
True,100,50,10,2733.9,983.9,2783.9,2494.5,2785.9,10.4,P1
True,100,50,20,3215.7,1465.7,3265.8,2686.1,3269.6,17.7,P1
True,100,100,1,2300.3,550.3,2350.3,2322.0,2350.4,1.2,P1
True,100,100,5,2493.0,743.0,2543.0,2398.7,2543.5,5.7,P1
True,100,100,10,2733.9,983.9,2783.9,2494.5,2784.9,10.4,P1
True,100,100,20,3215.7,1465.7,3265.7,2686.1,3267.6,17.7,P1
True,100,500,1,2300.3,550.3,2350.3,2322.0,2350.3,1.2,P1
True,100,500,5,2493.0,743.0,2543.0,2398.7,2543.1,5.7,P1
True,100,500,10,2733.9,983.9,2783.9,2494.5,2784.1,10.4,P1
True,100,500,20,3215.7,1465.7,3265.7,2686.1,3266.1,17.7,P1
True,100,1000,1,2300.3,550.3,2350.3,2322.0,2350.3,1.2,P1
True,100,1000,5,2493.0,743.0,2543.0,2398.7,2543.1,5.7,P1
True,100,1000,10,2733.9,983.9,2783.9,2494.5,2784.0,10.4,P1
True,100,1000,20,3215.7,1465.7,3265.7,2686.1,3265.9,17.7,P1
True,150,0.25,1,2300.3,577.3,2377.6,2349.3,2415.7,1.2,P1
True,150,0.25,5,2493.0,770.1,2571.3,2427.0,2762.1,5.6,P1
True,150,0.25,10,2733.9,1011.0,2813.5,2524.1,3195.0,10.3,P1
True,150,0.25,20,3215.7,1492.8,3297.9,2718.2,4060.8,17.6,P1
True,150,1,1,2300.3,575.8,2375.9,2347.6,2385.4,1.2,P1
True,150,1,5,2493.0,768.5,2568.9,2424.5,2616.5,5.6,P1
True,150,1,10,2733.9,1009.4,2810.1,2520.6,2905.4,10.3,P1
True,150,1,20,3215.7,1491.2,3292.5,2712.9,3483.2,17.6,P1
True,150,2,1,2300.3,575.6,2375.6,2347.3,2380.4,1.2,P1
True,150,2,5,2493.0,768.3,2568.4,2424.1,2592.3,5.6,P1
True,150,2,10,2733.9,1009.2,2809.5,2520.0,2857.2,10.3,P1
True,150,2,20,3215.7,1491.0,3291.6,2712.0,3387.0,17.6,P1
True,150,10,1,2300.3,575.4,2375.4,2347.1,2376.3,1.2,P1
True,150,10,5,2493.0,768.1,2568.1,2423.7,2572.9,5.6,P1
True,150,10,10,2733.9,1009.0,2809.0,2519.6,2818.6,10.3,P1
True,150,10,20,3215.7,1490.8,3290.9,2711.2,3310.0,17.6,P1
True,150,50,1,2300.3,575.3,2375.3,2347.0,2375.5,1.2,P1
True,150,50,5,2493.0,768.0,2568.0,2423.7,2569.0,5.6,P1
True,150,50,10,2733.9,1008.9,2808.9,2519.5,2810.9,10.3,P1
True,150,50,20,3215.7,1490.7,3290.8,2711.1,3294.6,17.6,P1
True,150,100,1,2300.3,575.3,2375.3,2347.0,2375.4,1.2,P1
True,150,100,5,2493.0,768.0,2568.0,2423.7,2568.5,5.6,P1
True,150,100,10,2733.9,1008.9,2808.9,2519.5,2809.9,10.3,P1
True,150,100,20,3215.7,1490.7,3290.7,2711.1,3292.6,17.6,P1
True,150,500,1,2300.3,575.3,2375.3,2347.0,2375.3,1.2,P1
True,150,500,5,2493.0,768.0,2568.0,2423.7,2568.1,5.6,P1
True,150,500,10,2733.9,1008.9,2808.9,2519.5,2809.1,10.3,P1
True,150,500,20,3215.7,1490.7,3290.7,2711.1,3291.1,17.6,P1
True,150,1000,1,2300.3,575.3,2375.3,2347.0,2375.3,1.2,P1
True,150,1000,5,2493.0,768.0,2568.0,2423.7,2568.1,5.6,P1
True,150,1000,10,2733.9,1008.9,2808.9,2519.5,2809.0,10.3,P1
True,150,1000,20,3215.7,1490.7,3290.7,2711.1,3290.9,17.6,P1
True,200,0.25,1,2300.3,602.3,2402.6,2374.3,2440.7,1.2,P1
True,200,0.25,5,2493.0,795.1,2596.3,2452.0,2787.1,5.6,P1
True,200,0.25,10,2733.9,1036.0,2838.5,2549.1,3220.0,10.2,P1
True,200,0.25,20,3215.7,1517.8,3322.9,2743.2,4085.8,17.4,P1
True,200,1,1,2300.3,600.8,2400.9,2372.6,2410.4,1.2,P1
True,200,1,5,2493.0,793.5,2593.9,2449.5,2641.5,5.6,P1
True,200,1,10,2733.9,1034.4,2835.1,2545.6,2930.4,10.2,P1
True,200,1,20,3215.7,1516.2,3317.5,2737.9,3508.2,17.5,P1
True,200,2,1,2300.3,600.6,2400.6,2372.3,2405.4,1.2,P1
True,200,2,5,2493.0,793.3,2593.4,2449.1,2617.3,5.6,P1
True,200,2,10,2733.9,1034.2,2834.5,2545.0,2882.2,10.2,P1
True,200,2,20,3215.7,1516.0,3316.6,2737.0,3412.0,17.5,P1
True,200,10,1,2300.3,600.4,2400.4,2372.1,2401.3,1.2,P1
True,200,10,5,2493.0,793.1,2593.1,2448.7,2597.9,5.6,P1
True,200,10,10,2733.9,1034.0,2834.0,2544.6,2843.6,10.2,P1
True,200,10,20,3215.7,1515.8,3315.9,2736.2,3335.0,17.5,P1
True,200,50,1,2300.3,600.3,2400.3,2372.0,2400.5,1.2,P1
True,200,50,5,2493.0,793.0,2593.0,2448.7,2594.0,5.6,P1
True,200,50,10,2733.9,1033.9,2833.9,2544.5,2835.9,10.2,P1
True,200,50,20,3215.7,1515.7,3315.8,2736.1,3319.6,17.5,P1
True,200,100,1,2300.3,600.3,2400.3,2372.0,2400.4,1.2,P1
True,200,100,5,2493.0,793.0,2593.0,2448.7,2593.5,5.6,P1
True,200,100,10,2733.9,1033.9,2833.9,2544.5,2834.9,10.2,P1
True,200,100,20,3215.7,1515.7,3315.7,2736.1,3317.6,17.5,P1
True,200,500,1,2300.3,600.3,2400.3,2372.0,2400.3,1.2,P1
True,200,500,5,2493.0,793.0,2593.0,2448.7,2593.1,5.6,P1
True,200,500,10,2733.9,1033.9,2833.9,2544.5,2834.1,10.2,P1
True,200,500,20,3215.7,1515.7,3315.7,2736.1,3316.1,17.5,P1
True,200,1000,1,2300.3,600.3,2400.3,2372.0,2400.3,1.2,P1
True,200,1000,5,2493.0,793.0,2593.0,2448.7,2593.1,5.6,P1
True,200,1000,10,2733.9,1033.9,2833.9,2544.5,2834.0,10.2,P1
True,200,1000,20,3215.7,1515.7,3315.7,2736.1,3315.9,17.5,P1
False,0,0.25,1,8550.3,502.3,8552.6,8524.3,8590.7,0.3,P1
False,0,0.25,5,8743.0,695.1,8746.3,8602.0,8937.1,1.7,P1
False,0,0.25,10,8983.9,936.0,8988.5,8699.1,9370.0,3.2,P1
False,0,0.25,20,9465.7,1417.8,9472.9,8893.2,10235.8,6.1,P1
False,0,1,1,8550.3,500.8,8550.9,8522.6,8560.4,0.3,P1
False,0,1,5,8743.0,693.5,8743.9,8599.5,8791.5,1.7,P1
False,0,1,10,8983.9,934.4,8985.1,8695.6,9080.4,3.2,P1
False,0,1,20,9465.7,1416.2,9467.5,8887.9,9658.2,6.1,P1
False,0,2,1,8550.3,500.6,8550.6,8522.3,8555.4,0.3,P1
False,0,2,5,8743.0,693.3,8743.4,8599.1,8767.3,1.7,P1
False,0,2,10,8983.9,934.2,8984.5,8695.0,9032.2,3.2,P1
False,0,2,20,9465.7,1416.0,9466.6,8887.0,9562.0,6.1,P1
False,0,10,1,8550.3,500.4,8550.4,8522.1,8551.3,0.3,P1
False,0,10,5,8743.0,693.1,8743.1,8598.7,8747.9,1.7,P1
False,0,10,10,8983.9,934.0,8984.0,8694.6,8993.6,3.2,P1
False,0,10,20,9465.7,1415.8,9465.9,8886.2,9485.0,6.1,P1
False,0,50,1,8550.3,500.3,8550.3,8522.0,8550.5,0.3,P1
False,0,50,5,8743.0,693.0,8743.0,8598.7,8744.0,1.7,P1
False,0,50,10,8983.9,933.9,8983.9,8694.5,8985.9,3.2,P1
False,0,50,20,9465.7,1415.7,9465.8,8886.1,9469.6,6.1,P1
False,0,100,1,8550.3,500.3,8550.3,8522.0,8550.4,0.3,P1
False,0,100,5,8743.0,693.0,8743.0,8598.7,8743.5,1.7,P1
False,0,100,10,8983.9,933.9,8983.9,8694.5,8984.9,3.2,P1
False,0,100,20,9465.7,1415.7,9465.7,8886.1,9467.6,6.1,P1
False,0,500,1,8550.3,500.3,8550.3,8522.0,8550.3,0.3,P1
False,0,500,5,8743.0,693.0,8743.0,8598.7,8743.1,1.7,P1
False,0,500,10,8983.9,933.9,8983.9,8694.5,8984.1,3.2,P1
False,0,500,20,9465.7,1415.7,9465.7,8886.1,9466.1,6.1,P1
False,0,1000,1,8550.3,500.3,8550.3,8522.0,8550.3,0.3,P1
False,0,1000,5,8743.0,693.0,8743.0,8598.7,8743.1,1.7,P1
False,0,1000,10,8983.9,933.9,8983.9,8694.5,8984.0,3.2,P1
False,0,1000,20,9465.7,1415.7,9465.7,8886.1,9465.9,6.1,P1
False,10,0.25,1,8550.3,507.3,8557.6,8529.3,8595.7,0.3,P1
False,10,0.25,5,8743.0,700.1,8751.3,8607.0,8942.1,1.6,P1
False,10,0.25,10,8983.9,941.0,8993.5,8704.1,9375.0,3.2,P1
False,10,0.25,20,9465.7,1422.8,9477.9,8898.2,10240.8,6.1,P1
False,10,1,1,8550.3,505.8,8555.9,8527.6,8565.4,0.3,P1
False,10,1,5,8743.0,698.5,8748.9,8604.5,8796.5,1.7,P1
False,10,1,10,8983.9,939.4,8990.1,8700.6,9085.4,3.2,P1
False,10,1,20,9465.7,1421.2,9472.5,8892.9,9663.2,6.1,P1
False,10,2,1,8550.3,505.6,8555.6,8527.3,8560.4,0.3,P1
False,10,2,5,8743.0,698.3,8748.4,8604.1,8772.3,1.7,P1
False,10,2,10,8983.9,939.2,8989.5,8700.0,9037.2,3.2,P1
False,10,2,20,9465.7,1421.0,9471.6,8892.0,9567.0,6.1,P1
False,10,10,1,8550.3,505.4,8555.4,8527.1,8556.3,0.3,P1
False,10,10,5,8743.0,698.1,8748.1,8603.7,8752.9,1.7,P1
False,10,10,10,8983.9,939.0,8989.0,8699.6,8998.6,3.2,P1
False,10,10,20,9465.7,1420.8,9470.9,8891.2,9490.0,6.1,P1
False,10,50,1,8550.3,505.3,8555.3,8527.0,8555.5,0.3,P1
False,10,50,5,8743.0,698.0,8748.0,8603.7,8749.0,1.7,P1
False,10,50,10,8983.9,938.9,8988.9,8699.5,8990.9,3.2,P1
False,10,50,20,9465.7,1420.7,9470.8,8891.1,9474.6,6.1,P1
False,10,100,1,8550.3,505.3,8555.3,8527.0,8555.4,0.3,P1
False,10,100,5,8743.0,698.0,8748.0,8603.7,8748.5,1.7,P1
False,10,100,10,8983.9,938.9,8988.9,8699.5,8989.9,3.2,P1
False,10,100,20,9465.7,1420.7,9470.7,8891.1,9472.6,6.1,P1
False,10,500,1,8550.3,505.3,8555.3,8527.0,8555.3,0.3,P1
False,10,500,5,8743.0,698.0,8748.0,8603.7,8748.1,1.7,P1
False,10,500,10,8983.9,938.9,8988.9,8699.5,8989.1,3.2,P1
False,10,500,20,9465.7,1420.7,9470.7,8891.1,9471.1,6.1,P1
False,10,1000,1,8550.3,505.3,8555.3,8527.0,8555.3,0.3,P1
False,10,1000,5,8743.0,698.0,8748.0,8603.7,8748.1,1.7,P1
False,10,1000,10,8983.9,938.9,8988.9,8699.5,8989.0,3.2,P1
False,10,1000,20,9465.7,1420.7,9470.7,8891.1,9470.9,6.1,P1
False,25,0.25,1,8550.3,514.8,8565.1,8536.8,8603.2,0.3,P1
False,25,0.25,5,8743.0,707.6,8758.8,8614.5,8949.6,1.6,P1
False,25,0.25,10,8983.9,948.5,9001.0,8711.6,9382.5,3.2,P1
False,25,0.25,20,9465.7,1430.3,9485.4,8905.7,10248.3,6.1,P1
False,25,1,1,8550.3,513.3,8563.4,8535.1,8572.9,0.3,P1
False,25,1,5,8743.0,706.0,8756.4,8612.0,8804.0,1.6,P1
False,25,1,10,8983.9,946.9,8997.6,8708.1,9092.9,3.2,P1
False,25,1,20,9465.7,1428.7,9480.0,8900.4,9670.7,6.1,P1
False,25,2,1,8550.3,513.1,8563.1,8534.8,8567.9,0.3,P1
False,25,2,5,8743.0,705.8,8755.9,8611.6,8779.8,1.6,P1
False,25,2,10,8983.9,946.7,8997.0,8707.5,9044.7,3.2,P1
False,25,2,20,9465.7,1428.5,9479.1,8899.5,9574.5,6.1,P1
False,25,10,1,8550.3,512.9,8562.9,8534.6,8563.8,0.3,P1
False,25,10,5,8743.0,705.6,8755.6,8611.2,8760.4,1.6,P1
False,25,10,10,8983.9,946.5,8996.5,8707.1,9006.1,3.2,P1
False,25,10,20,9465.7,1428.3,9478.4,8898.7,9497.5,6.1,P1
False,25,50,1,8550.3,512.8,8562.8,8534.5,8563.0,0.3,P1
False,25,50,5,8743.0,705.5,8755.5,8611.2,8756.5,1.6,P1
False,25,50,10,8983.9,946.4,8996.4,8707.0,8998.4,3.2,P1
False,25,50,20,9465.7,1428.2,9478.3,8898.6,9482.1,6.1,P1
False,25,100,1,8550.3,512.8,8562.8,8534.5,8562.9,0.3,P1
False,25,100,5,8743.0,705.5,8755.5,8611.2,8756.0,1.6,P1
False,25,100,10,8983.9,946.4,8996.4,8707.0,8997.4,3.2,P1
False,25,100,20,9465.7,1428.2,9478.2,8898.6,9480.1,6.1,P1
False,25,500,1,8550.3,512.8,8562.8,8534.5,8562.8,0.3,P1
False,25,500,5,8743.0,705.5,8755.5,8611.2,8755.6,1.6,P1
False,25,500,10,8983.9,946.4,8996.4,8707.0,8996.6,3.2,P1
False,25,500,20,9465.7,1428.2,9478.2,8898.6,9478.6,6.1,P1
False,25,1000,1,8550.3,512.8,8562.8,8534.5,8562.8,0.3,P1
False,25,1000,5,8743.0,705.5,8755.5,8611.2,8755.6,1.6,P1
False,25,1000,10,8983.9,946.4,8996.4,8707.0,8996.5,3.2,P1
False,25,1000,20,9465.7,1428.2,9478.2,8898.6,9478.4,6.1,P1
False,50,0.25,1,8550.3,527.3,8577.6,8549.3,8615.7,0.3,P1
False,50,0.25,5,8743.0,720.1,8771.3,8627.0,8962.1,1.6,P1
False,50,0.25,10,8983.9,961.0,9013.5,8724.1,9395.0,3.2,P1
False,50,0.25,20,9465.7,1442.8,9497.9,8918.2,10260.8,6.1,P1
False,50,1,1,8550.3,525.8,8575.9,8547.6,8585.4,0.3,P1
False,50,1,5,8743.0,718.5,8768.9,8624.5,8816.5,1.6,P1
False,50,1,10,8983.9,959.4,9010.1,8720.6,9105.4,3.2,P1
False,50,1,20,9465.7,1441.2,9492.5,8912.9,9683.2,6.1,P1
False,50,2,1,8550.3,525.6,8575.6,8547.3,8580.4,0.3,P1
False,50,2,5,8743.0,718.3,8768.4,8624.1,8792.3,1.6,P1
False,50,2,10,8983.9,959.2,9009.5,8720.0,9057.2,3.2,P1
False,50,2,20,9465.7,1441.0,9491.6,8912.0,9587.0,6.1,P1
False,50,10,1,8550.3,525.4,8575.4,8547.1,8576.3,0.3,P1
False,50,10,5,8743.0,718.1,8768.1,8623.7,8772.9,1.6,P1
False,50,10,10,8983.9,959.0,9009.0,8719.6,9018.6,3.2,P1
False,50,10,20,9465.7,1440.8,9490.9,8911.2,9510.0,6.1,P1
False,50,50,1,8550.3,525.3,8575.3,8547.0,8575.5,0.3,P1
False,50,50,5,8743.0,718.0,8768.0,8623.7,8769.0,1.6,P1
False,50,50,10,8983.9,958.9,9008.9,8719.5,9010.9,3.2,P1
False,50,50,20,9465.7,1440.7,9490.8,8911.1,9494.6,6.1,P1
False,50,100,1,8550.3,525.3,8575.3,8547.0,8575.4,0.3,P1
False,50,100,5,8743.0,718.0,8768.0,8623.7,8768.5,1.6,P1
False,50,100,10,8983.9,958.9,9008.9,8719.5,9009.9,3.2,P1
False,50,100,20,9465.7,1440.7,9490.7,8911.1,9492.6,6.1,P1
False,50,500,1,8550.3,525.3,8575.3,8547.0,8575.3,0.3,P1
False,50,500,5,8743.0,718.0,8768.0,8623.7,8768.1,1.6,P1
False,50,500,10,8983.9,958.9,9008.9,8719.5,9009.1,3.2,P1
False,50,500,20,9465.7,1440.7,9490.7,8911.1,9491.1,6.1,P1
False,50,1000,1,8550.3,525.3,8575.3,8547.0,8575.3,0.3,P1
False,50,1000,5,8743.0,718.0,8768.0,8623.7,8768.1,1.6,P1
False,50,1000,10,8983.9,958.9,9008.9,8719.5,9009.0,3.2,P1
False,50,1000,20,9465.7,1440.7,9490.7,8911.1,9490.9,6.1,P1
False,100,0.25,1,8550.3,552.3,8602.6,8574.3,8640.7,0.3,P1
False,100,0.25,5,8743.0,745.1,8796.3,8652.0,8987.1,1.6,P1
False,100,0.25,10,8983.9,986.0,9038.5,8749.1,9420.0,3.2,P1
False,100,0.25,20,9465.7,1467.8,9522.9,8943.2,10285.8,6.1,P1
False,100,1,1,8550.3,550.8,8600.9,8572.6,8610.4,0.3,P1
False,100,1,5,8743.0,743.5,8793.9,8649.5,8841.5,1.6,P1
False,100,1,10,8983.9,984.4,9035.1,8745.6,9130.4,3.2,P1
False,100,1,20,9465.7,1466.2,9517.5,8937.9,9708.2,6.1,P1
False,100,2,1,8550.3,550.6,8600.6,8572.3,8605.4,0.3,P1
False,100,2,5,8743.0,743.3,8793.4,8649.1,8817.3,1.6,P1
False,100,2,10,8983.9,984.2,9034.5,8745.0,9082.2,3.2,P1
False,100,2,20,9465.7,1466.0,9516.6,8937.0,9612.0,6.1,P1
False,100,10,1,8550.3,550.4,8600.4,8572.1,8601.3,0.3,P1
False,100,10,5,8743.0,743.1,8793.1,8648.7,8797.9,1.6,P1
False,100,10,10,8983.9,984.0,9034.0,8744.6,9043.6,3.2,P1
False,100,10,20,9465.7,1465.8,9515.9,8936.2,9535.0,6.1,P1
False,100,50,1,8550.3,550.3,8600.3,8572.0,8600.5,0.3,P1
False,100,50,5,8743.0,743.0,8793.0,8648.7,8794.0,1.6,P1
False,100,50,10,8983.9,983.9,9033.9,8744.5,9035.9,3.2,P1
False,100,50,20,9465.7,1465.7,9515.8,8936.1,9519.6,6.1,P1
False,100,100,1,8550.3,550.3,8600.3,8572.0,8600.4,0.3,P1
False,100,100,5,8743.0,743.0,8793.0,8648.7,8793.5,1.6,P1
False,100,100,10,8983.9,983.9,9033.9,8744.5,9034.9,3.2,P1
False,100,100,20,9465.7,1465.7,9515.7,8936.1,9517.6,6.1,P1
False,100,500,1,8550.3,550.3,8600.3,8572.0,8600.3,0.3,P1
False,100,500,5,8743.0,743.0,8793.0,8648.7,8793.1,1.6,P1
False,100,500,10,8983.9,983.9,9033.9,8744.5,9034.1,3.2,P1
False,100,500,20,9465.7,1465.7,9515.7,8936.1,9516.1,6.1,P1
False,100,1000,1,8550.3,550.3,8600.3,8572.0,8600.3,0.3,P1
False,100,1000,5,8743.0,743.0,8793.0,8648.7,8793.1,1.6,P1
False,100,1000,10,8983.9,983.9,9033.9,8744.5,9034.0,3.2,P1
False,100,1000,20,9465.7,1465.7,9515.7,8936.1,9515.9,6.1,P1
False,150,0.25,1,8550.3,577.3,8627.6,8599.3,8665.7,0.3,P1
False,150,0.25,5,8743.0,770.1,8821.3,8677.0,9012.1,1.6,P1
False,150,0.25,10,8983.9,1011.0,9063.5,8774.1,9445.0,3.2,P1
False,150,0.25,20,9465.7,1492.8,9547.9,8968.2,10310.8,6.1,P1
False,150,1,1,8550.3,575.8,8625.9,8597.6,8635.4,0.3,P1
False,150,1,5,8743.0,768.5,8818.9,8674.5,8866.5,1.6,P1
False,150,1,10,8983.9,1009.4,9060.1,8770.6,9155.4,3.2,P1
False,150,1,20,9465.7,1491.2,9542.5,8962.9,9733.2,6.1,P1
False,150,2,1,8550.3,575.6,8625.6,8597.3,8630.4,0.3,P1
False,150,2,5,8743.0,768.3,8818.4,8674.1,8842.3,1.6,P1
False,150,2,10,8983.9,1009.2,9059.5,8770.0,9107.2,3.2,P1
False,150,2,20,9465.7,1491.0,9541.6,8962.0,9637.0,6.1,P1
False,150,10,1,8550.3,575.4,8625.4,8597.1,8626.3,0.3,P1
False,150,10,5,8743.0,768.1,8818.1,8673.7,8822.9,1.6,P1
False,150,10,10,8983.9,1009.0,9059.0,8769.6,9068.6,3.2,P1
False,150,10,20,9465.7,1490.8,9540.9,8961.2,9560.0,6.1,P1
False,150,50,1,8550.3,575.3,8625.3,8597.0,8625.5,0.3,P1
False,150,50,5,8743.0,768.0,8818.0,8673.7,8819.0,1.6,P1
False,150,50,10,8983.9,1008.9,9058.9,8769.5,9060.9,3.2,P1
False,150,50,20,9465.7,1490.7,9540.8,8961.1,9544.6,6.1,P1
False,150,100,1,8550.3,575.3,8625.3,8597.0,8625.4,0.3,P1
False,150,100,5,8743.0,768.0,8818.0,8673.7,8818.5,1.6,P1
False,150,100,10,8983.9,1008.9,9058.9,8769.5,9059.9,3.2,P1
False,150,100,20,9465.7,1490.7,9540.7,8961.1,9542.6,6.1,P1
False,150,500,1,8550.3,575.3,8625.3,8597.0,8625.3,0.3,P1
False,150,500,5,8743.0,768.0,8818.0,8673.7,8818.1,1.6,P1
False,150,500,10,8983.9,1008.9,9058.9,8769.5,9059.1,3.2,P1
False,150,500,20,9465.7,1490.7,9540.7,8961.1,9541.1,6.1,P1
False,150,1000,1,8550.3,575.3,8625.3,8597.0,8625.3,0.3,P1
False,150,1000,5,8743.0,768.0,8818.0,8673.7,8818.1,1.6,P1
False,150,1000,10,8983.9,1008.9,9058.9,8769.5,9059.0,3.2,P1
False,150,1000,20,9465.7,1490.7,9540.7,8961.1,9540.9,6.1,P1
False,200,0.25,1,8550.3,602.3,8652.6,8624.3,8690.7,0.3,P1
False,200,0.25,5,8743.0,795.1,8846.3,8702.0,9037.1,1.6,P1
False,200,0.25,10,8983.9,1036.0,9088.5,8799.1,9470.0,3.2,P1
False,200,0.25,20,9465.7,1517.8,9572.9,8993.2,10335.8,6.1,P1
False,200,1,1,8550.3,600.8,8650.9,8622.6,8660.4,0.3,P1
False,200,1,5,8743.0,793.5,8843.9,8699.5,8891.5,1.6,P1
False,200,1,10,8983.9,1034.4,9085.1,8795.6,9180.4,3.2,P1
False,200,1,20,9465.7,1516.2,9567.5,8987.9,9758.2,6.1,P1
False,200,2,1,8550.3,600.6,8650.6,8622.3,8655.4,0.3,P1
False,200,2,5,8743.0,793.3,8843.4,8699.1,8867.3,1.6,P1
False,200,2,10,8983.9,1034.2,9084.5,8795.0,9132.2,3.2,P1
False,200,2,20,9465.7,1516.0,9566.6,8987.0,9662.0,6.1,P1
False,200,10,1,8550.3,600.4,8650.4,8622.1,8651.3,0.3,P1
False,200,10,5,8743.0,793.1,8843.1,8698.7,8847.9,1.6,P1
False,200,10,10,8983.9,1034.0,9084.0,8794.6,9093.6,3.2,P1
False,200,10,20,9465.7,1515.8,9565.9,8986.2,9585.0,6.1,P1
False,200,50,1,8550.3,600.3,8650.3,8622.0,8650.5,0.3,P1
False,200,50,5,8743.0,793.0,8843.0,8698.7,8844.0,1.6,P1
False,200,50,10,8983.9,1033.9,9083.9,8794.5,9085.9,3.2,P1
False,200,50,20,9465.7,1515.7,9565.8,8986.1,9569.6,6.1,P1
False,200,100,1,8550.3,600.3,8650.3,8622.0,8650.4,0.3,P1
False,200,100,5,8743.0,793.0,8843.0,8698.7,8843.5,1.6,P1
False,200,100,10,8983.9,1033.9,9083.9,8794.5,9084.9,3.2,P1
False,200,100,20,9465.7,1515.7,9565.7,8986.1,9567.6,6.1,P1
False,200,500,1,8550.3,600.3,8650.3,8622.0,8650.3,0.3,P1
False,200,500,5,8743.0,793.0,8843.0,8698.7,8843.1,1.6,P1
False,200,500,10,8983.9,1033.9,9083.9,8794.5,9084.1,3.2,P1
False,200,500,20,9465.7,1515.7,9565.7,8986.1,9566.1,6.1,P1
False,200,1000,1,8550.3,600.3,8650.3,8622.0,8650.3,0.3,P1
False,200,1000,5,8743.0,793.0,8843.0,8698.7,8843.1,1.6,P1
False,200,1000,10,8983.9,1033.9,9083.9,8794.5,9084.0,3.2,P1
False,200,1000,20,9465.7,1515.7,9565.7,8986.1,9565.9,6.1,P1
